Claudine,Hudson,3895241020
Fran,Duncan,3895280777
Alissa,Armstrong,3895220535
Roseann,Berry,3895260294
Lakeisha,Andrews,3895200054
Susanna,Johnston,3895239815
Reva,Ray,3895279577
Deidre,Lane,3895219340
Chasity,Riley,3895259104
Sheree,Carpenter,3895298869
Carly,Perkins,3895238635
James,Aguilar,3895278402
Elvia,Silva,3895218170
Alyce,Richards,3895257939
Deirdre,Willis,3895297709
Gena,Matthews,3895237480
Briana,Chapman,3895277236
Araceli,Lawrence,3895216993
Katelyn,Garza,3895256751
Rosanne,Vargas,3895296510
Wendi,Watkins,3895236270
Tessa,Wheeler,3895276031
Berta,Larson,3895215793
Marva,Carlson,3895255556
Imelda,Harper,3895295320
Marietta,George,3895235085
Marci,Greene,3895274851
Leonor,Burke,3895214618
Arline,Guzman,3895254386
Sasha,Morrison,3895294155
Madelyn,Munoz,3895233925
Janna,Jacobs,3895273696
Juliette,Obrien,3895213452
Deena,Lawson,3895253209
Aurelia,Franklin,3895292967
Josefa,Lynch,3895232726
Augusta,Bishop,3895272486
Liliana,Carr,3895212247
Young,Salazar,3895252009
Christian,Austin,3895291772
Lessie,Mendez,3895231536
Amalia,Gilbert,3895271301
Savannah,Jensen,3895211067
Anastasia,Williamson,3895250834
Vilma,Montgomery,3895290602
Natalia,Harvey,3895230371
Rosella,Oliver,3895270141
Lynnette,Howell,3895209912
Corina,Dean,3895249668
Alfreda,Hanson,3895289425
Leanna,Weber,3895229183
Carey,Garrett,3895268942
Amparo,Sims,3895208702
Coleen,Burton,3895248463
Tamra,Fuller,3895288225
Aisha,Soto,3895227988
Wilda,Mccoy,3895267752
Karyn,Welch,3895207517
Cherry,Chen,3895247283
Queen,Schultz,3895287050
Maura,Walters,3895226818
Mai,Reid,3895266587
Evangelina,Fields,3895206357
Rosanna,Walsh,3895246128
Hallie,Little,3895285884
Erna,Fowler,3895225641
Enid,Bowman,3895265399
Mariana,Davidson,3895205158
Lacy,May,3895244918
Juliet,Day,3895284679
Jacklyn,Schneider,3895224441
Freida,Newman,3895264204
Madeleine,Brewer,3895203968
Mara,Lucas,3895243733
Hester,Holland,3895283499
Cathryn,Wong,3895223266
Lelia,Banks,3895263034
Casandra,Santos,3895202803
Bridgett,Curtis,3895242573
Angelita,Pearson,3895282344
Jannie,Delgado,3895222100
Dionne,Valdez,3895261857
Annmarie,Pena,3895201615
Katina,Rios,3895241374
Beryl,Douglas,3895281134
Phoebe,Sandoval,3895220895
Millicent,Barrett,3895260657
Katheryn,Hopkins,3895200420
Diann,Keller,3895240184
Carissa,Guerrero,3895279949
Maryellen,Stanley,3895219715
Liz,Bates,3895259482
Lauri,Alvarado,3895299250
Helga,Beck,3895239019
Gilda,Ortega,3895278789
Adrian,Wade,3895218560
Rhea,Estrada,3895258316
Marquita,Contreras,3895298073
Hollie,Barnett,3895237831
Tisha,Caldwell,3895277590
Tamera,Santiago,3895217350
Angelique,Lambert,3895257111
Francesca,Powers,3895296873
Britney,Chambers,3895236636
Kaitlin,Nunez,3895276400
Lolita,Craig,3895216165
Florine,Leonard,3895255931
Rowena,Lowe,3895295698
Reyna,Rhodes,3895235466
Twila,Byrd,3895275235
Fanny,Gregory,3895215005
Janell,Shelton,3895254776
Ines,Frazier,3895294532
Concetta,Becker,3895234289
Bertie,Maldonado,3895274047
Alba,Fleming,3895213806
Brigitte,Vega,3895253566
Alyson,Sutton,3895293327
Vonda,Cohen,3895233089
Pansy,Jennings,3895272852
Elba,Parks,3895212616
Noelle,Mcdaniel,3895252381
Letitia,Watts,3895292147
Kitty,Barker,3895231914
Deann,Norris,3895271682
Brandie,Vaughn,3895211451
Louella,Vazquez,3895251221
Leta,Holt,3895290992
Felecia,Schwartz,3895230748
Sharlene,Steele,3895270505
Lesa,Benson,3895210263
Beverley,Neal,3895250022
Robert,Dominguez,3895289782
Isabella,Horton,3895229543
Herminia,Terry,3895269305
Terra,Wolfe,3895209068
Celina,Hale,3895248832
Mary,Lyons,3895288597
Patricia,Graves,3895228363
Linda,Haynes,3895268130
Barbara,Miles,3895207898
Elizabeth,Park,3895247667
Jennifer,Warner,3895287437
Maria,Padilla,3895227208
Susan,Bush,3895266964
Margaret,Thornton,3895206721
Dorothy,Mccarthy,3895246479
Lisa,Mann,3895286238
Nancy,Zimmerman,3895225998
Karen,Erickson,3895265759
Betty,Fletcher,3895205521
Helen,Mckinney,3895245284
Sandra,Page,3895285048
Donna,Dawson,3895224813
Carol,Joseph,3895264579
Ruth,Marquez,3895204346
Sharon,Reeves,3895244114
Michelle,Klein,3895283883
Laura,Espinoza,3895223653
Sarah,Baldwin,3895263424
Kimberly,Moran,3895203180
Deborah,Love,3895242937
Jessica,Robbins,3895282695
Shirley,Higgins,3895222454
Cynthia,Ball,3895262214
Angela,Cortez,3895201975
Melissa,Le,3895241737
Brenda,Griffith,3895281500
Amy,Bowen,3895221264
Anna,Sharp,3895261029
Rebecca,Cummings,3895200795
Virginia,Ramsey,3895240562
Kathleen,Hardy,3895280330
Pamela,Swanson,3895220099
Martha,Barber,3895259869
Debra,Acosta,3895299640
Amanda,Luna,3895239396
Stephanie,Chandler,3895279153
Carolyn,Blair,3895218911
Christine,Daniel,3895258670
Marie,Cross,3895298430
Janet,Simon,3895238191
Catherine,Dennis,3895277953
Frances,Oconnor,3895217716
Ann,Quinn,3895257480
Joyce,Gross,3895297245
Diane,Navarro,3895237011
Alice,Moss,3895276778
Julie,Fitzgerald,3895216546
Heather,Doyle,3895256315
Teresa,Mclaughlin,3895296085
Doris,Rojas,3895235856
Gloria,Rodgers,3895275612
Evelyn,Stevenson,3895215369
Jean,Singh,3895255127
Cheryl,Yang,3895294886
Mildred,Figueroa,3895234646
Katherine,Harmon,3895274407
Joan,Newton,3895214169
Ashley,Paul,3895253932
Judith,Manning,3895293696
Rose,Garner,3895233461
Janice,Mcgee,3895273227
Kelly,Reese,3895212994
Nicole,Francis,3895252762
Judy,Burgess,3895292531
Christina,Adkins,3895232301
Kathy,Goodman,3895272072
Theresa,Curry,3895211828
Beverly,Brady,3895251585
Denise,Christensen,3895291343
Tammy,Potter,3895231102
Irene,Walton,3895270862
Jane,Goodwin,3895210623
Lori,Mullins,3895250385
Rachel,Molina,3895290148
Marilyn,Webster,3895229912
Andrea,Fischer,3895269677
Kathryn,Campos,3895209443
Louise,Avila,3895249210
Sara,Sherman,3895288978
Anne,Todd,3895228747
Jacqueline,Chang,3895268517
Wanda,Blake,3895208288
Bonnie,Malone,3895248044
Julia,Wolf,3895287801
Ruby,Hodges,3895227559
Lois,Juarez,3895267318
Tina,Gill,3895207078
Phyllis,Farmer,3895246839
Norma,Hines,3895286601
Paula,Gallagher,3895226364
Diana,Duran,3895266128
Annie,Hubbard,3895205893
Lillian,Cannon,3895245659
Emily,Miranda,3895285426
Robin,Wang,3895225194
Peggy,Saunders,3895264963
Crystal,Tate,3895204733
Gladys,Mack,3895244504
Rita,Hammond,3895284260
Dawn,Carrillo,3895224017
Connie,Townsend,3895263775
Florence,Wise,3895203534
Tracy,Ingram,3895243294
Edna,Barton,3895283055
Tiffany,Mejia,3895222817
Carmen,Ayala,3895262580
Rosa,Schroeder,3895202344
Cindy,Hampton,3895242109
Grace,Rowe,3895281875
Wendy,Parsons,3895221642
Victoria,Frank,3895261410
Edith,Waters,3895201179
Kim,Strickland,3895240949
Sherry,Osborne,3895280720
Sylvia,Maxwell,3895220476
Josephine,Chan,3895260233
Thelma,Deleon,3895299991
Shannon,Norman,3895239750
Sheila,Harrington,3895279510
Ethel,Casey,3895219271
Ellen,Patton,3895259033
Elaine,Logan,3895298796
Marjorie,Bowers,3895238560
Carrie,Mueller,3895278325
Charlotte,Glover,3895218091
Monica,Floyd,3895257858
Esther,Hartman,3895297626
Pauline,Buchanan,3895237395
Emma,Cobb,3895277165
Juanita,French,3895216936
Anita,Kramer,3895256692
Rhonda,Mccormick,3895296449
Hazel,Clarke,3895236207
Amber,Tyler,3895275966
Eva,Gibbs,3895215726
Debbie,Moody,3895255487
April,Conner,3895295249
Leslie,Sparks,3895235012
Clara,Mcguire,3895274776
Lucille,Leon,3895214541
Jamie,Bauer,3895254307
Joanne,Norton,3895294074
Eleanor,Pope,3895233842
Valerie,Flynn,3895273611
Danielle,Hogan,3895213381
Megan,Robles,3895253152
Alicia,Salinas,3895292908
Suzanne,Yates,3895232665
Michele,Lindsey,3895272423
Gail,Lloyd,3895212182
Bertha,Marsh,3895251942
Darlene,Mcbride,3895291703
Veronica,Owen,3895231465
Jill,Solis,3895271228
Erin,Pham,3895210992
Geraldine,Lang,3895250757
Lauren,Pratt,3895290523
Cathy,Lara,3895230290
Joann,Brock,3895270058
Lorraine,Ballard,3895209827
Lynn,Trujillo,3895249597
Sally,Shaffer,3895289368
Regina,Drake,3895229124
Erica,Roman,3895268881
Beatrice,Aguirre,3895208639
Dolores,Morton,3895248398
Bernice,Stokes,3895288158
Audrey,Lamb,3895227919
Yvonne,Pacheco,3895267681
Annette,Patrick,3895207444
June,Cochran,3895247208
Samantha,Shepherd,3895286973
Marion,Cain,3895226739
Dana,Burnett,3895266506
Stacy,Hess,3895206274
Ana,Li,3895246043
Renee,Cervantes,3895285813
Ida,Olsen,3895225584
Vivian,Briggs,3895265340
Roberta,Ochoa,3895205097
Holly,Cabrera,3895244855
Brittany,Velasquez,3895284614
Melanie,Montoya,3895224374
Loretta,Roth,3895264135
Yolanda,Meyers,3895203897
Jeanette,Cardenas,3895243660
Laurie,Fuentes,3895283424
Katie,Weiss,3895223189
Kristen,Hoover,3895262955
Vanessa,Wilkins,3895202722
Alma,Nicholson,3895242490
Sue,Underwood,3895282259
Elsie,Short,3895222029
Beth,Carson,3895261800
Jeanne,Morrow,3895201556
Vicki,Colon,3895241313
Carla,Holloway,3895281071
Tara,Summers,3895220830
Rosemary,Bryan,3895260590
Eileen,Petersen,3895200351
Terri,Mckenzie,3895240113
Gertrude,Serrano,3895279876
Lucy,Wilcox,3895219640
Tonya,Carey,3895259405
Ella,Clayton,3895299171
Stacey,Poole,3895238938
Wilma,Calderon,3895278706
Gina,Gallegos,3895218475
Kristin,Greer,3895258245
Jessie,Rivas,3895298016
Natalie,Guerra,3895237772
Agnes,Decker,3895277529
Vera,Collier,3895217287
Willie,Wall,3895257046
Charlene,Whitaker,3895296806
Bessie,Bass,3895236567
Delores,Flowers,3895276329
Melinda,Davenport,3895216092
Pearl,Conley,3895255856
Arlene,Houston,3895295621
Maureen,Huff,3895235387
Colleen,Copeland,3895275154
Allison,Hood,3895214922
Tamara,Monroe,3895254691
Joy,Massey,3895294461
Georgia,Roberson,3895234232
Constance,Combs,3895273988
Lillie,Franco,3895213745
Claudia,Larsen,3895253503
Jackie,Pittman,3895293262
Marcia,Randall,3895233022
Tanya,Skinner,3895272783
Nellie,Wilkinson,3895212545
Minnie,Kirby,3895252308
Marlene,Cameron,3895292072
Heidi,Bridges,3895231837
Glenda,Anthony,3895271603
Lydia,Richard,3895211370
Viola,Kirk,3895251138
Courtney,Bruce,3895290907
Marian,Singleton,3895230677
Stella,Mathis,3895270448
Caroline,Bradford,3895210204
Dora,Boone,3895249961
Jo,Abbott,3895289719
Vickie,Charles,3895229478
Mattie,Allison,3895269238
Terry,Sweeney,3895208999
Maxine,Atkinson,3895248761
Irma,Horn,3895288524
Mabel,Jefferson,3895228288
Marsha,Rosales,3895268053
Myrtle,York,3895207819
Lena,Christian,3895247586
Christy,Phelps,3895287354
Deanna,Farrell,3895227123
Patsy,Castaneda,3895266893
Hilda,Nash,3895206664
Gwendolyn,Dickerson,3895246420
Jennie,Bond,3895286177
Nora,Wyatt,3895225935
Margie,Foley,3895265694
Nina,Chase,3895205454
Cassandra,Gates,3895245215
Leah,Vincent,3895284977
Penny,Mathews,3895224740
Kay,Hodge,3895264504
Priscilla,Garrison,3895204269
Naomi,Trevino,3895244035
Carole,Villarreal,3895283802
Brandy,Heath,3895223570
Olga,Dalton,3895263339
Billie,Valencia,3895203109
Dianne,Callahan,3895242880
Tracey,Hensley,3895282636
Leona,Atkins,3895222393
Jenny,Huffman,3895262151
Felicia,Roy,3895201910
Sonia,Boyer,3895241670
Miriam,Shields,3895281431
Velma,Lin,3895221193
Becky,Hancock,3895260956
Bobbie,Grimes,3895200720
Violet,Glenn,3895240485
Kristina,Cline,3895280251
Toni,Delacruz,3895220018
Misty,Camacho,3895259786
Mae,Dillon,3895299555
Shelly,Parrish,3895239325
Daisy,Oneill,3895279096
Ramona,Melton,3895218852
Sherri,Booth,3895258609
Erika,Kane,3895298367
Katrina,Berg,3895238126
Claire,Harrell,3895277886
Lindsey,Pitts,3895217647
Lindsay,Savage,3895257409
Geneva,Wiggins,3895297172
Guadalupe,Brennan,3895236936
Belinda,Salas,3895276701
Margarita,Marks,3895216467
Sheryl,Russo,3895256234
Cora,Sawyer,3895296002
Faye,Baxter,3895235771
Ada,Golden,3895275541
Natasha,Hutchinson,3895215312
Sabrina,Liu,3895255068
Isabel,Walter,3895294825
Marguerite,Mcdowell,3895234583
Hattie,Wiley,3895274342
Harriet,Rich,3895214102
Molly,Humphrey,3895253863
Cecilia,Johns,3895293625
Kristi,Koch,3895233388
Brandi,Suarez,3895273152
Blanche,Hobbs,3895212917
Sandy,Beard,3895252683
Rosie,Gilmore,3895292450
Joanna,Ibarra,3895232218
Iris,Keith,3895271987
Eunice,Macias,3895211757
Angie,Khan,3895251528
Inez,Andrade,3895291284
Lynda,Ware,3895231041
Madeline,Stephenson,3895270799
Amelia,Henson,3895210558
Alberta,Wilkerson,3895250318
Genevieve,Dyer,3895290079
Monique,Mcclure,3895229841
Jodi,Blackwell,3895269604
Janie,Mercado,3895209368
Maggie,Tanner,3895249133
Kayla,Eaton,3895288899
Sonya,Clay,3895228666
Jan,Barron,3895268434
Lee,Beasley,3895208203
Kristine,Oneal,3895247973
Candace,Preston,3895287744
Fannie,Small,3895227500
Maryann,Wu,3895267257
Opal,Zamora,3895207015
Alison,Macdonald,3895246774
Yvette,Vance,3895286534
Melody,Snow,3895226295
Luz,Mcclain,3895266057
Susie,Stafford,3895205820
Olivia,Orozco,3895245584
Flora,Barry,3895285349
Shelley,English,3895225115
Kristy,Shannon,3895264882
Mamie,Kline,3895204650
Lula,Jacobson,3895244419
Lola,Woodard,3895284189
Verna,Huang,3895223960
Beulah,Kemp,3895263716
Antoinette,Mosley,3895203473
Candice,Prince,3895243231
Juana,Merritt,3895282990
Jeannette,Hurst,3895222750
Pam,Villanueva,3895262511
Kelli,Roach,3895202273
Hannah,Nolan,3895242036
Whitney,Lam,3895281800
Bridget,Yoder,3895221565
Karla,Mccullough,3895261331
Celia,Lester,3895201098
Latoya,Santana,3895240866
Patty,Valenzuela,3895280635
Shelia,Winters,3895220405
Gayle,Barrera,3895260176
Della,Leach,3895299932
Vicky,Orr,3895239689
Lynne,Berger,3895279447
Sheri,Mckee,3895219206
Marianne,Strong,3895258966
Kara,Conway,3895298727
Jacquelyn,Stein,3895238489
Erma,Whitehead,3895278252
Blanca,Bullock,3895218016
Myra,Escobar,3895257781
Leticia,Knox,3895297547
Pat,Meadows,3895237314
Krista,Solomon,3895277082
Roxanne,Velez,3895216851
Angelica,Odonnell,3895256621
Johnnie,Kerr,3895296392
Robyn,Stout,3895236148
Francis,Blankenship,3895275905
Adrienne,Browning,3895215663
Rosalie,Kent,3895255422
Alexandra,Lozano,3895295182
Brooke,Bartlett,3895234943
Bethany,Pruitt,3895274705
Sadie,Buck,3895214468
Bernadette,Barr,3895254232
Traci,Gaines,3895293997
Jody,Durham,3895233763
Kendra,Gentry,3895273530
Jasmine,Mcintyre,3895213298
Nichole,Sloan,3895253067
Rachael,Melendez,3895292837
Chelsea,Rocha,3895232608
Mable,Herman,3895272364
Ernestine,Sexton,3895212121
Muriel,Moon,3895251879
Marcella,Hendricks,3895291638
Elena,Rangel,3895231398
Krystal,Stark,3895271159
Angelina,Lowery,3895210921
Nadine,Hardin,3895250684
Kari,Hull,3895290448
Estelle,Sellers,3895230213
Dianna,Ellison,3895269979
Paulette,Calhoun,3895209746
Lora,Gillespie,3895249514
Mona,Mora,3895289283
Doreen,Knapp,3895229053
Rosemarie,Mccall,3895268824
Angel,Morse,3895208580
Desiree,Dorsey,3895248337
Antonia,Weeks,3895288095
Hope,Nielsen,3895227854
Ginger,Livingston,3895267614
Janis,Leblanc,3895207375
Betsy,Mclean,3895247137
Christie,Bradshaw,3895286900
Freda,Glass,3895226664
Mercedes,Middleton,3895266429
Meredith,Buckley,3895206195
Lynette,Schaefer,3895245962
Teri,Frost,3895285730
Cristina,Howe,3895225499
Eula,House,3895265269
Leigh,Mcintosh,3895205040
Meghan,Ho,3895244796
Sophia,Pennington,3895284553
Eloise,Reilly,3895224311
Rochelle,Hebert,3895264070
Gretchen,Mcfarland,3895203830
Cecelia,Hickman,3895243591
Raquel,Noble,3895283353
Henrietta,Spears,3895223116
Alyssa,Conrad,3895262880
Jana,Arias,3895202645
Kelley,Galvan,3895242411
Gwen,Velazquez,3895282178
Kerry,Huynh,3895221946
Jenna,Frederick,3895261715
Tricia,Randolph,3895201485
Laverne,Cantu,3895241256
Olive,Fitzpatrick,3895281012
Alexis,Mahoney,3895220769
Tasha,Peck,3895260527
Silvia,Villa,3895200286
Elvira,Michael,3895240046
Casey,Donovan,3895279807
Delia,Mcconnell,3895219569
Sophie,Walls,3895259332
Kate,Boyle,3895299096
Patti,Mayer,3895238861
Lorena,Zuniga,3895278627
Kellie,Giles,3895218394
Sonja,Pineda,3895258162
Lila,Pace,3895297931
Lana,Hurley,3895237701
Darla,Mays,3895277472
May,Mcmillan,3895217228
Mindy,Crosby,3895256985
Essie,Ayers,3895296743
Mandy,Case,3895236502
Lorene,Bentley,3895276262
Elsa,Shepard,3895216023
Josefina,Everett,3895255785
Jeannie,Pugh,3895295548
Miranda,David,3895235312
Dixie,Mcmahon,3895275077
Lucia,Dunlap,3895214843
Marta,Bender,3895254610
Faith,Hahn,3895294378
Lela,Harding,3895234147
Johanna,Acevedo,3895273917
Shari,Raymond,3895213688
Camille,Blackburn,3895253444
Tami,Duffy,3895293201
Shawna,Landry,3895232959
Elisa,Dougherty,3895272718
Ebony,Bautista,3895212478
Melba,Shah,3895252239
Ora,Potts,3895292001
Nettie,Arroyo,3895231764
Tabitha,Valentine,3895271528
Ollie,Meza,3895211293
Jaime,Gould,3895251059
Winifred,Vaughan,3895290826
Kristie,Fry,3895230594
Marina,Rush,3895270363
Alisha,Avery,3895210133
Aimee,Herring,3895249904
Rena,Dodson,3895289660
Myrna,Clements,3895229417
Marla,Sampson,3895269175
Tammie,Tapia,3895208934
Latasha,Bean,3895248694
Bonita,Lynn,3895288455
Patrice,Crane,3895228217
Ronda,Farley,3895267980
Sherrie,Cisneros,3895207744
Addie,Benton,3895247509
Francine,Ashley,3895287275
Deloris,Mckay,3895227042
Stacie,Finley,3895266810
Adriana,Best,3895206579
Cheri,Blevins,3895246349
Shelby,Friedman,3895286120
Abigail,Moses,3895225876
Celeste,Sosa,3895265633
Jewel,Blanchard,3895205391
Cara,Huber,3895245150
Adele,Frye,3895284910
Rebekah,Krueger,3895224671
Lucinda,Bernard,3895264433
Dorthy,Rosario,3895204196
Chris,Rubio,3895243960
Effie,Mullen,3895283725
Trina,Benjamin,3895223491
Reba,Haley,3895263258
Shawn,Chung,3895203026
Sallie,Moyer,3895242795
Aurora,Choi,3895282565
Lenora,Horne,3895222336
Etta,Yu,3895262092
Lottie,Woodward,3895201849
Kerri,Ali,3895241607
Trisha,Nixon,3895281366
Nikki,Hayden,3895221126
Estella,Rivers,3895260887
Francisca,Estes,3895200649
Josie,Mccarty,3895240412
Tracie,Richmond,3895280176
Marissa,Stuart,3895219941
Karin,Maynard,3895259707
Brittney,Brandt,3895299474
Janelle,Oconnell,3895239242
Lourdes,Hanna,3895279011
Laurel,Sanford,3895218781
Helene,Sheppard,3895258552
Fern,Church,3895298308
Elva,Burch,3895238065
Corinne,Levy,3895277823
Kelsey,Rasmussen,3895217582
Ina,Coffey,3895257342
Bettie,Ponce,3895297103
Elisabeth,Faulkner,3895236865
Aida,Donaldson,3895276628
Caitlin,Schmitt,3895216392
Ingrid,Novak,3895256157
Iva,Costa,3895295923
Eugenia,Montes,3895235690
Christa,Booker,3895275458
Goldie,Cordova,3895215227
Cassie,Waller,3895254997
Maude,Arellano,3895294768
Jenifer,Maddox,3895234524
Therese,Mata,3895274281
Frankie,Bonilla,3895214039
Dena,Stanton,3895253798
Lorna,Compton,3895293558
Janette,Kaufman,3895233319
Latonya,Dudley,3895273081
Candy,Mcpherson,3895212844
Morgan,Beltran,3895252608
Consuelo,Dickson,3895292373
Tamika,Mccann,3895232139
Rosetta,Villegas,3895271906
Debora,Proctor,3895211674
Cherie,Hester,3895251443
Polly,Cantrell,3895291213
Dina,Daugherty,3895230984
Jewell,Cherry,3895270740
Fay,Bray,3895210497
Jillian,Davila,3895250255
Dorothea,Rowland,3895290014
Nell,Levine,3895229774
Trudy,Madden,3895269535
Esperanza,Spence,3895209297
Patrica,Good,3895249060
Kimberley,Irwin,3895288824
Shanna,Werner,3895228589
Helena,Krause,3895268355
Carolina,Petty,3895208122
Cleo,Whitney,3895247890
Stefanie,Baird,3895287659
Rosario,Hooper,3895227429
Ola,Pollard,3895267200
Janine,Zavala,3895206956
Mollie,Jarvis,3895246713
Lupe,Holden,3895286471
Alisa,Haas,3895226230
Lou,Hendrix,3895265990
Maribel,Mcgrath,3895205751
Susanne,Bird,3895245513
Bette,Lucero,3895285276
Susana,Terrell,3895225040
Elise,Riggs,3895264805
Cecile,Joyce,3895204571
Isabelle,Mercer,3895244338
Lesley,Rollins,3895284106
Jocelyn,Galloway,3895223875
Paige,Duke,3895263645
Joni,Odom,3895203416
Rachelle,Andersen,3895243172
Leola,Downs,3895282929
Daphne,Hatfield,3895222687
Alta,Benitez,3895262446
Ester,Archer,3895202206
Petra,Huerta,3895241967
Graciela,Travis,3895281729
Imogene,Mcneil,3895221492
Jolene,Hinton,3895261256
Keisha,Zhang,3895201021
Lacey,Hays,3895240787
Glenna,Mayo,3895280554
Gabriela,Fritz,3895220322
Keri,Branch,3895260091
Ursula,Mooney,3895299861
Lizzie,Ewing,3895239632
Kirsten,Ritter,3895279388
Shana,Esparza,3895219145
Adeline,Frey,3895258903
Mayra,Braun,3895298662
Jayne,Gay,3895238422
Jaclyn,Riddle,3895278183
Gracie,Haney,3895217945
Sondra,Kaiser,3895257708
Carmela,Holder,3895297472
Marisa,Chaney,3895237237
Rosalind,Mcknight,3895277003
Charity,Gamble,3895216770
Tonia,Vang,3895256538
Beatriz,Cooley,3895296307
Marisol,Carney,3895236077
Clarice,Cowan,3895275848
Jeanine,Forbes,3895215604
Sheena,Ferrell,3895255361
Angeline,Davies,3895295119
Frieda,Barajas,3895234878
Lily,Shea,3895274638
Robbie,Osborn,3895214399
Shauna,Bright,3895254161
Millie,Cuevas,3895293924
Claudette,Bolton,3895233688
Cathleen,Murillo,3895273453
Angelia,Lutz,3895213219
Gabrielle,Duarte,3895252986
Autumn,Kidd,3895292754
Katharine,Key,3895232523
Summer,Cooke,3895272293
Jodie,Smith,3895212064
Staci,Johnson,3895251820
Lea,Williams,3895291577
Christi,Brown,3895231335
Jimmie,Jones,3895271094
Justine,Miller,3895210854
Elma,Davis,3895250615
Luella,Garcia,3895290377
Margret,Rodriguez,3895230140
Dominique,Wilson,3895269904
Socorro,Martinez,3895209669
Rene,Anderson,3895249435
Martina,Taylor,3895289202
Margo,Thomas,3895228970
Mavis,Hernandez,3895268739
Callie,Moore,3895208509
Bobbi,Martin,3895248280
Maritza,Jackson,3895288036
Lucile,Thompson,3895227793
Leanne,White,3895267551
Jeannine,Lopez,3895207310
Deana,Lee,3895247070
Aileen,Gonzalez,3895286831
Lorie,Harris,3895226593
Ladonna,Clark,3895266356
Willa,Lewis,3895206120
Manuela,Robinson,3895245885
Gale,Walker,3895285651
Selma,Perez,3895225418
Dolly,Hall,3895265186
Sybil,Young,3895204955
Abby,Allen,3895244725
Lara,Sanchez,3895284496
Dale,Wright,3895224252
Ivy,King,3895264009
Dee,Scott,3895203767
Winnie,Green,3895243526
Marcy,Baker,3895283286
Luisa,Adams,3895223047
Jeri,Nelson,3895262809
Magdalena,Hill,3895202572
Ofelia,Ramirez,3895242336
Meagan,Campbell,3895282101
Audra,Mitchell,3895221867
Matilda,Roberts,3895261634
Leila,Carter,3895201402
Cornelia,Phillips,3895241171
Bianca,Evans,3895280941
Simone,Turner,3895220712
Bettye,Torres,3895260468
Randi,Parker,3895200225
Virgie,Collins,3895239983
Latisha,Edwards,3895279742
Barbra,Stewart,3895219502
Georgina,Flores,3895259263
Eliza,Morris,3895299025
Leann,Nguyen,3895238788
Bridgette,Murphy,3895278552
Rhoda,Rivera,3895218317
Haley,Cook,3895258083
Adela,Rogers,3895297850
Nola,Morgan,3895237618
Bernadine,Peterson,3895277387
Flossie,Cooper,3895217157
Ila,Reed,3895256928
Greta,Bailey,3895296684
Ruthie,Bell,3895236441
Nelda,Gomez,3895276199
Minerva,Kelly,3895215958
Lilly,Howard,3895255718
Terrie,Ward,3895295479
Letha,Cox,3895235241
Hilary,Diaz,3895275004
Estela,Richardson,3895214768
Valarie,Wood,3895254533
Brianna,Watson,3895294299
Rosalyn,Brooks,3895234066
Earline,Bennett,3895273834
Catalina,Gray,3895213603
Ava,James,3895253373
Mia,Reyes,3895293144
Clarissa,Cruz,3895232900
Lidia,Hughes,3895272657
Corrine,Price,3895212415
Alexandria,Myers,3895252174
Concepcion,Long,3895291934
Tia,Foster,3895231695
Sharron,Sanders,3895271457
Rae,Ross,3895211220
Dona,Morales,3895250984
Ericka,Powell,3895290749
Jami,Sullivan,3895230515
Elnora,Russell,3895270282
Chandra,Ortiz,3895210050
Lenore,Jenkins,3895249819
Neva,Gutierrez,3895289589
Marylou,Perry,3895229360
Melisa,Butler,3895269116
Tabatha,Barnes,3895208873
Serena,Fisher,3895248631
Avis,Henderson,3895288390
Allie,Coleman,3895228150
Sofia,Simmons,3895267911
Jeanie,Patterson,3895207673
Odessa,Jordan,3895247436
Nannie,Reynolds,3895287200
Harriett,Hamilton,3895226965
Loraine,Graham,3895266731
Penelope,Kim,3895206498
Milagros,Gonzales,3895246266
Emilia,Alexander,3895286035
Benita,Ramos,3895225805
Allyson,Wallace,3895265576
Ashlee,Griffin,3895205332
Tania,West,3895245089
Tommie,Cole,3895284847
Esmeralda,Hayes,3895224606
Karina,Chavez,3895264366
Eve,Gibson,3895204127
Pearlie,Bryant,3895243889
Zelma,Ellis,3895283652
Malinda,Stevens,3895223416
Noreen,Murray,3895263181
Tameka,Ford,3895202947
Saundra,Marshall,3895242714
Hillary,Owens,3895282482
Amie,Mcdonald,3895222251
Althea,Harrison,3895262021
Rosalinda,Ruiz,3895201792
Jordan,Kennedy,3895241548
Lilia,Wells,3895281305
Alana,Alvarez,3895221063
Gay,Woods,3895260822
Clare,Mendoza,3895200582
Alejandra,Castillo,3895240343
Elinor,Olson,3895280105
Michael,Webb,3895219868
Lorrie,Washington,3895259632
Jerri,Tucker,3895299397
Darcy,Freeman,3895239163
Earnestine,Burns,3895278930
Carmella,Henry,3895218698
Taylor,Vasquez,3895258467
Noemi,Snyder,3895298237
Marcie,Simpson,3895238008
Liza,Crawford,3895277764
Annabelle,Jimenez,3895217521
Louisa,Porter,3895257279
Earlene,Mason,3895297038
Mallory,Shaw,3895236798
Carlene,Gordon,3895276559
Nita,Wagner,3895216321
Selena,Hunter,3895256084
Tanisha,Romero,3895295848
Katy,Hicks,3895235613
Julianne,Dixon,3895275379
John,Hunt,3895215146
Lakisha,Palmer,3895254914
Edwina,Robertson,3895294683
Maricela,Black,3895234453
Margery,Holmes,3895274224
Kenya,Stone,3895213980
Dollie,Meyer,3895253737
Roxie,Boyd,3895293495
Roslyn,Mills,3895233254
Kathrine,Warren,3895273014
Nanette,Fox,3895212775
Charmaine,Rose,3895252537
Lavonne,Rice,3895292300
Ilene,Moreno,3895232064
Kris,Schmidt,3895271829
Tammi,Patel,3895211595
Suzette,Ferguson,3895251362
Corine,Nichols,3895291130
Kaye,Herrera,3895230899
Jerry,Medina,3895270669
Merle,Ryan,3895210440
Chrystal,Fernandez,3895250196
Lina,Weaver,3895289953
Deanne,Daniels,3895229711
Lilian,Stephens,3895269470
Juliana,Gardner,3895209230
Aline,Payne,3895248991
Luann,Kelley,3895288753
Kasey,Dunn,3895228516
Maryanne,Pierce,3895268280
Evangeline,Arnold,3895208045
Colette,Tran,3895247811
Melva,Spencer,3895287578
Lawanda,Peters,3895227346
Yesenia,Hawkins,3895267115
Nadia,Grant,3895206885
Madge,Hansen,3895246656
Kathie,Castro,3895286412
Eddie,Hoffman,3895226169
Ophelia,Hart,3895265927
Valeria,Elliott,3895205686
Nona,Cunningham,3895245446
Mitzi,Knight,3895285207
Mari,Bradley,3895224969
Georgette,Carroll,3895264732
