Alice,Raymond,3895205080
Julie,Blackburn,3895208897
Heather,Duffy,3895212715
Teresa,Landry,3895216534
Doris,Dougherty,3895220354
Gloria,Bautista,3895224175
Evelyn,Shah,3895227997
Jean,Potts,3895231820
Cheryl,Arroyo,3895235644
Mildred,Valentine,3895239469
Katherine,Meza,3895243295
Joan,Gould,3895247122
Ashley,Vaughan,3895250950
Judith,Fry,3895254779
Rose,Rush,3895258609
Janice,Avery,3895262440
Kelly,Herring,3895266256
Nicole,Dodson,3895270073
Judy,Clements,3895273891
Christina,Sampson,3895277710
Kathy,Tapia,3895281530
Theresa,Bean,3895285351
Beverly,Lynn,3895289173
Denise,Crane,3895292996
Tammy,Farley,3895296820
Irene,Cisneros,3895200645
Jane,Benton,3895204471
Lori,Ashley,3895208298
Rachel,Mckay,3895212126
Marilyn,Finley,3895215955
Andrea,Best,3895219785
Kathryn,Blevins,3895223616
Louise,Friedman,3895227432
Sara,Moses,3895231249
Anne,Sosa,3895235067
Jacqueline,Blanchard,3895238886
Wanda,Huber,3895242706
Bonnie,Frye,3895246527
Julia,Krueger,3895250349
Ruby,Bernard,3895254172
Lois,Rosario,3895257996
Tina,Rubio,3895261821
Phyllis,Mullen,3895265647
Norma,Benjamin,3895269474
Paula,Haley,3895273302
Diana,Chung,3895277131
Annie,Moyer,3895280961
Lillian,Choi,3895284792
Emily,Horne,3895288608
Robin,Yu,3895292425
Peggy,Woodward,3895296243
Crystal,Ali,3895200062
Gladys,Nixon,3895203882
Rita,Hayden,3895207703
Dawn,Rivers,3895211525
Connie,Estes,3895215348
Florence,Mccarty,3895219172
Tracy,Richmond,3895222997
Edna,Stuart,3895226823
Tiffany,Maynard,3895230650
Carmen,Brandt,3895234478
Rosa,Oconnell,3895238307
Cindy,Hanna,3895242137
Grace,Sanford,3895245968
Wendy,Sheppard,3895249784
Victoria,Church,3895253601
Edith,Burch,3895257419
Kim,Levy,3895261238
Sherry,Rasmussen,3895265058
Sylvia,Coffey,3895268879
Josephine,Ponce,3895272701
Thelma,Faulkner,3895276524
Shannon,Donaldson,3895280348
Sheila,Schmitt,3895284173
Ethel,Novak,3895287999
Ellen,Costa,3895291826
Elaine,Montes,3895295654
Marjorie,Booker,3895299483
Carrie,Cordova,3895203313
Charlotte,Waller,3895207144
Monica,Arellano,3895210960
Esther,Maddox,3895214777
Pauline,Mata,3895218595
Emma,Bonilla,3895222414
Juanita,Stanton,3895226234
Anita,Compton,3895230055
Rhonda,Kaufman,3895233877
Hazel,Dudley,3895237700
Amber,Mcpherson,3895241524
Eva,Beltran,3895245349
Debbie,Dickson,3895249175
April,Mccann,3895253002
Leslie,Villegas,3895256830
Clara,Proctor,3895260659
Lucille,Hester,3895264489
Jamie,Cantrell,3895268320
Joanne,Daugherty,3895272136
Eleanor,Cherry,3895275953
Valerie,Bray,3895279771
Danielle,Davila,3895283590
