Ebony,Wade,3895205288
Melba,Estrada,3895209313
Ora,Contreras,3895213339
Nettie,Barnett,3895217366
Tabitha,Caldwell,3895221394
Ollie,Santiago,3895225423
Jaime,Lambert,3895229453
Winifred,Powers,3895233484
Kristie,Chambers,3895237516
Marina,Nunez,3895241549
Alisha,Craig,3895245583
Aimee,Leonard,3895249618
Rena,Lowe,3895253654
Myrna,Rhodes,3895257691
Marla,Byrd,3895261729
Tammie,Gregory,3895265768
Latasha,Shelton,3895269792
Bonita,Frazier,3895273817
Patrice,Becker,3895277843
Ronda,Maldonado,3895281870
Sherrie,Fleming,3895285898
Addie,Vega,3895289927
Francine,Sutton,3895293957
Deloris,Cohen,3895297988
Stacie,Jennings,3895202020
Adriana,Parks,3895206053
Cheri,Mcdaniel,3895210087
Shelby,Watts,3895214122
Abigail,Barker,3895218158
Celeste,Norris,3895222195
Jewel,Vaughn,3895226233
Cara,Vazquez,3895230272
Adele,Holt,3895234296
Rebekah,Schwartz,3895238321
Lucinda,Steele,3895242347
Dorthy,Benson,3895246374
Chris,Neal,3895250402
Effie,Dominguez,3895254431
Trina,Horton,3895258461
Reba,Terry,3895262492
Shawn,Wolfe,3895266524
Sallie,Hale,3895270557
Aurora,Lyons,3895274591
Lenora,Graves,3895278626
Etta,Haynes,3895282662
Lottie,Miles,3895286699
Kerri,Park,3895290737
Trisha,Warner,3895294776
Nikki,Padilla,3895298800
Estella,Bush,3895202825
Francisca,Thornton,3895206851
Josie,Mccarthy,3895210878
Tracie,Mann,3895214906
Marissa,Zimmerman,3895218935
Karin,Erickson,3895222965
Brittney,Fletcher,3895226996
Janelle,Mckinney,3895231028
Lourdes,Page,3895235061
Laurel,Dawson,3895239095
Helene,Joseph,3895243130
Fern,Marquez,3895247166
Elva,Reeves,3895251203
Corinne,Klein,3895255241
Kelsey,Espinoza,3895259280
Ina,Baldwin,3895263304
Bettie,Moran,3895267329
Elisabeth,Love,3895271355
Aida,Robbins,3895275382
Caitlin,Higgins,3895279410
Ingrid,Ball,3895283439
Iva,Cortez,3895287469
Eugenia,Le,3895291500
Christa,Griffith,3895295532
Goldie,Bowen,3895299565
Cassie,Sharp,3895203599
Maude,Cummings,3895207634
Jenifer,Ramsey,3895211670
Therese,Hardy,3895215707
Frankie,Swanson,3895219745
Dena,Barber,3895223784
Lorna,Acosta,3895227808
Janette,Luna,3895231833
Latonya,Chandler,3895235859
Candy,Blair,3895239886
Morgan,Daniel,3895243914
Consuelo,Cross,3895247943
Tamika,Simon,3895251973
Rosetta,Dennis,3895256004
Debora,Oconnor,3895260036
Cherie,Quinn,3895264069
Polly,Gross,3895268103
Dina,Navarro,3895272138
Jewell,Moss,3895276174
Fay,Fitzgerald,3895280211
Jillian,Doyle,3895284249
Dorothea,Mclaughlin,3895288288
Nell,Rojas,3895292312
Trudy,Rodgers,3895296337
Esperanza,Stevenson,3895200363
Patrica,Singh,3895204390
