Clarice,Ross,3895204592
Jeanine,Morales,3895207921
Sheena,Powell,3895211251
Angeline,Sullivan,3895214582
Frieda,Russell,3895217914
Lily,Ortiz,3895221247
Robbie,Jenkins,3895224581
Shauna,Gutierrez,3895227916
Millie,Perry,3895231252
Claudette,Butler,3895234589
Cathleen,Barnes,3895237927
Angelia,Fisher,3895241266
Gabrielle,Henderson,3895244606
Autumn,Coleman,3895247947
Katharine,Simmons,3895251289
Summer,Patterson,3895254632
Jodie,Jordan,3895257960
Staci,Reynolds,3895261289
Lea,Hamilton,3895264619
Christi,Graham,3895267950
